#key	synopsis
2020bb	Dans 2020 Super Baseball, le baseball est revisité avec des éléments futuristes même si les règles sont conservées. Par exemple, pendant la phase de défense, les joueurs peuvent sauter très haut à l'aide de jetpacks. Les équipes comprennent des joueurs humains et des robots. Certaines équipes ne sont composées que de robots. Chaque action effectuée rapporte de l'argent. Avant que le lanceur ne lance la balle, le joueur peut changer de batteur ou améliorer sa puissance (vitesse, frappe, résistance). Les améliorations ont trois niveaux maximum. En phase de défense, le joueur contrôle à tour de rôle le lanceur et les joueurs de champs. En tant que lanceur, il y a plusieurs choix de tirs selon le lanceur utilisé.
3countb	Vous faites partie de la SNK Wrestling Federation et désirez participer au championnat du monde, le SWF Wrestle Festival. Aussi bien sur le ring que dans les rues, vous allez devoir montrer qui est le patron. Il est temps de se lancer dans le championnat. Choisissez parmi dix lutteurs qui ont leurs propres attaques. Il y a dix rounds dans le jeu dans lesquels vous combattrez d'autres lutteurs de plus en plus coriaces. Le but du jeu est de tenir l'adversaire au sol 3 secondes. Il y a également une barre de santé, plus elle est basse, plus il est dur de se dégager d'une prise. Vous pourrez frapper, mordre et effectuer d'autres mouvements spectaculaires (ou illégaux) pour vaincre vos adversaires.
abyssal	“Abyssal Infants” est une agréable surprise dans la scène homebrew de la NeoGeo, créée par Kakoeimon. Ce shoot'em up horizontal gratuit propose un mélange unique de charme rétro et de gameplay exigeant. Les graphismes ? Distinctifs et polarisants — ils séduisent certains tandis qu'ils laissent d'autres perplexes. La jouabilité est impitoyablement difficile, ce qui en fait un véritable régal pour les joueurs hardcore. En résumé, “Abyssal Infants” se distingue comme un ajout audacieux à la bibliothèque NeoGeo, prouvant que la beauté est véritablement dans l'œil de celui qui regarde.
alpham2	En l'an 2525, l'espace est à nouveau menacé. Seul le légendaire Super Jet Plane SYD peut vaincre l'armada envahissante et détruire le Fulvalence Groma. Alpha Mission II est un jeu de tir à défilement vertical descendant et la suite d'Alpha Mission. Lorsque le jeu commence, le joueur choisit deux armures pour son SYD, et des armures supplémentaires peuvent être achetées à la fin de chaque niveau. Les armures ajoutent une puissance de feu supplémentaire au vaisseau lorsqu'elles sont équipées et seront détruites si le vaisseau est touché. Les armes principales du SYD sont un laser direct et des bombes, ells peuvent être améliorées à partir d'icônes larguées par certains ennemis. Comme dans Xevious, les cibles terrestres ne peuvent être touchées que par des bombes, tandis que les cibles aériennes ne peuvent être touchées que par des lasers.
androdun	Andro Dunos est un shoot'em up sur Neo Geo. L'originalité de ce titre réside dans la gestion des armes dont dispose votre vaisseau. En effet, vous pouvez switcher entre quatre différents types de tir, chacun ayant ses avantages mais aussi ses failles, et ainsi vous adapter à la situation. Vous disposez également d'une super-bombe que vous pouvez lâcher une fois sa jauge remplie.
aodk	Aggressors of Dark Kombat est un jeu de combat sur Neo Geo. Celui-ci présente la particularité de gérer le déplacement dans la profondeur. Vous pourrez donc distribuer les coups en long, en large et en travers avec l'un des huit persos proposés. Vous profiterez également des pelles et autres cocktails Molotov leur tombant sous la main pour les envoyer sur la trogne de leur adversaire.
aof	Art of Fighting sur Neo Geo est un jeu de combat en 2D qui fut le premier à utiliser un système de zoom se déclenchant lorsque les personnages étaient proches. Choisissez parmi 10 personnages au style bien particulier et défoulez-vous sur votre adversaire à coups de pieds et de poings. Il est également possible, pour la première fois dans un jeu de combat, de débloquer des furies pour exécuter des enchaînements dévastateurs.
aof2	Art of Fighting 2 sur Neo Geo peaufine ce qui a été amorcé dans le précédent volet. Une quinzaine de personnages sont jouables d'entrée et de nouvelles possibilités de mouvements sont offertes grâce à l'ajout de la jauge de Ki. Vous pourrez ainsi lancer les Desperation Moves en cas critique. Les zooms si impressionnants sont toujours de la partie dans le deuxième volet de Art of Fighting.
aof3	The Path of the Warrior : Art of Fighting 3 sur Neo Geo possède très peu de liens scénaristiques en rapport avec les deux précédents volets. Qu'importe, l'essentiel ici est la baston. Tout d'abord comptez huit persos jouables, plus deux à débloquer. Ajoutez à cela une animation d'une fluidité accrue et bluffante pour l'époque. La clé de la victoire réside dans l'esquive, plus importante que jamais dans un Art of Fighting.
b2b	Dans la lointaine galaxie Kakoi, les animaux vivent en harmonie avec la nature. Un collectionneur de peluches, qui s'est autoproclamé empereur de l'Univers, essaie par tous les moyens d'agrandir sa collection d'animaux empaillés avec les deux policiers de l'espace, Lazy et Refia ! Lançant un appel à l'aide de la planète Palua, le tyran attire nos deux héros dans un piège. Ils vont devoir faire preuve d'une grande adresse pour s'extirper du piège tendu par l'empereur Honey et ses généraux sur Palua, où on peut trouver une mer mystérieuse bordée de montagnes mystiques.
bakatono	Bakatonosama n'est plus ni moins un jeu de mahjong classique. Si vous ne maitrisez pas les règles de ce jeu, passez votre chemin. Des graphismes sommaires, une réalisation somme toute banale...Ce jeu est loin d'être indispensable dans la ludothèque NeoGeo. En plus la maîtrise du japonais est nécessaire pour pouvoir y jouer pleinement.
bangbead	Bang Bead est la suite de Flip Shot un Pong-Like, nos 5 valeureux combattants reviennent avec 2 nouvelles amies. Et... C'est à peu près les seules nouveautés avec l'ajout d'un ultime point a marquer une fois toutes les cibles atteintes. On constate aussi une petite amélioration des graphismes. Comme pour Flip Shot, le jeu est sympa et très très fun tout en mettant vos réflexes à rude épreuve. Vraiment un bon titre, mais Windjammers lui fera éternellement de l'ombre.
bjourney	Dans Blue's Journey sur Neo Geo, vous incarnez un personnage au look d'insecte vivant sur une planète végétale. Votre petit monde bascule lorsqu'un grand méchant vient installer sa technologie dans votre petit écosystème. Evoluez seul ou à deux sur un écran à défilement horizontal dans ce jeu de plates-formes, où chaque niveau doit être complété dans un temps imparti. Traversez quatre régions pour atteindre et défaire le boss final.
blazstar	L'armée de Brawshella menace toute la galaxie. La Ligue de Défense Spatiale décide alors d'envoyer plusieurs escadrons afin de restaurer la paix et de vaincre Brawshella. Blazing Star vous fera parcourir plusieurs niveaux à la difficulté très progressive aux commandes de différents vaisseaux. Chaque niveau propose une grande variété d'ennemis différente et se termine par un boss. Il se tue en 2 phases, et davantage pour le boss final. Une fois bien amoché, il subit une transformation ou bien perd des morceaux et change son comportement. Côté graphismes, l'introduction mi-manga mi-images de synthèse est somptueuse. Durant le jeu, les vaisseaux ont un rendu 3D et bon nombre de décors également. L'ambiance sonore est excellente elle aussi : la musique des niveaux change souvent, et est très entrainante. Arrivé au boss, elle change pour devenir encore plus rythmée. Enfin la maniabilité du jeu est irréprochable.
breakers	Breakers sur Neo Geo est un jeu de combat 2D. Choisissez parmi 9 personnages ayant leur technique propre et tentez les &quot;chain&quot;, capables de créer une pluie de coups et d'attaques incessantes. A noter que les combattants bénéficient de voix digitalisées.
breakrev	Breaker's Revenge est un jeu a la croisé des chemins : se jouant de manière très old school, il regorge néanmoins de spécificités qui le rendent pratiquement inusable. Doté d'une ambiance décalée et survoltée, il fait partie de ces titres auxquels on s'adonne toujours avec plaisir.
bstars	Baseball Stars Professional est la suite de Baseball Stars (sorti initialement sur nes) et présente des graphismes de style bande dessinée. Choisissez parmi une variété d'équipes comprenant les Celestial Planets, Celestial Corps, Shadow Demons, Battle Knights, Fabulous Superstarses, et bien d'autres. Sélectionnez ensuite le terrain sur lequel le match doit se dérouler : Le stade SNK ou le dôme SNK. Chaque terrain a les mêmes dimensions, mais leur capacité varie. Le jeu se déroule de la même manière que le baseball normal. Il comprend un mode VS. dans lequel deux joueurs peuvent s'affronter.
bstars2	Devenez le roi de la batte dans Baseball Stars 2 sur Neo-Geo. Cette simulation de sport agrémentée de quelques images rappelant les comics américains vous permet de tester votre capacité au homerun. Défiez les équipes adverses dans des matchs épiques qui parfois se terminent à coups de poing, litige oblige. 18 équipes vous attendent, réparties en deux ligues correspondant à deux niveaux de difficulté.
burningf	Dans le beat'em all Burning Fight sur Neo Geo, vous incarnez deux super détectives qui n'ont rien en commun avec Columbo. Appelés à la rescousse par l'un de leurs collègues aux prises avec une organisation du crime, vous devez les aider à distribuer les tatanes et autres marrons aux nombreux voyous peuplant les rues.
cabalng	Il s'agit d'un jeu de tir en vue à la troisième personne, dans lequel on contrôle à la fois son personnage et un organe de visée. Le but étant bien sûr de dézinguer le maximum d'ennemis sans se faire toucher. S'il semble peu évident au départ de diriger à la fois son guerrier et son tir, l'ergonomie se révèle au bout de quelques minutes intuitive et bien réglée.
columnsn	Columns est un puzzle-game conçu par Jay Geertsen en 1989. Après en avoir racheté les droits, Sega a commercialisé le jeu sur borne d'arcade en 1990 et de multiples adaptations sur supports familiaux ont suivi, notamment sur les consoles Sega. Le jeu a également engendré plusieurs suites. Le jeu a été porté en 2002 dans une version homebrew sur Neo-Geo MVS.
crswd2bl	Cette version est un bootleg (copie non officielle) de la version NeoGeo CD du jeu du même nom.Imaginez un jeu de boxe en 2D avec une vue de dos du boxeur dont le sprite serait transparent, un peu dans le style de Punch-Out sur Nes, mais remplacez le boxeur par un chevalier et son épée et les adversaires par des monstres et des dragons...
crsword	Crossed Swords propose au joueur d'incarner un chevalier, vu de dos, qui avance tout seul dans un parcours précalculé. Votre mission consiste à donner des coups d'épée afin d'éliminer les nombreux adversaires se présentant à vous. Le tout se déroule dans une ambiance médiévale, teintée d'heroïc-fantasy.
ctomaday	Captain Tomaday sur Neo Geo est un shoot'en up dans lequel vous dirigez une super-tomate transgénique, armée de ses deux poings pour éliminer les ennemis farfelus peuplant les cieux. Notre super fruit peut se transformer et prendre des formes aussi variées qu'incongrues.
cyberlip	Il s'agit là d'un des premiers jeux sortis sur Neo Geo. Cyber-Lip est un jeu d'action avec des phases de plates-formes dans lequel vous incarnez deux membres d'une élite spéciale, chargés d'aller zigouiller des extraterrestres dans l'espace.
cyborgforce	En tant que membre de l'élite militaire la plus prestigieuse de l'humanité, votre mission est de sauver l'univers de l'arme de destruction massive ultime du tyran fou de Mars : le Necro-Doomizer. Des vagues apparemment interminables de mutants hostiles, de troupes cybernétiques, d'unités aériennes et blindées se dressent sur votre chemin, mais ils ont choisi le mauvais camp, car un seul membre de la Force Cyborg peut les anéantir à lui seul… et vous pouvez même être rejoint par un coéquipier !
diggerma	Un jeu de puzzle très dur. Le joueur doit toujours rester calme et surveiller les rochers et les bombes qui tombent.
doubledr	Double Dragon sur Neo Geo est un jeu de combat directement inspiré du célébrissime beat'em all éponyme de 1988. Cette fois ci, ce ne sont pas 2 mais 10 combattants jouables qui s'affrontent dans des duels en plein coeur des quartiers de New York.
dragonsh	Ce jeux n'a jamais eté publié et n'a pas de titre officiel, il avait été nommé DarkSeed durant le développement et puis provisoirement renommé Dragon's Heaven pour une histoire de marque déposée. Avant l'annulation, le développement avait été interrompu deux fois faute d'argent.
eightman	Eight Man est la seule et unique adaptation en jeu vidéo du manga éponyme, qui reste une série mythique pour beaucoup de japonais. C'est un Beat them Up un peu spécial, dont les déplacements se font sur une seule ligne, à la Vigilante. Eight Man la joue résolument old-school, mélangeant plate-forme/action et jeu de baston.
fatfursp	Fatal Fury Special sur Neo Geo est un jeu de baston en 2D, qui est une version améliorée de Fatal Fury 2. 16 personnages au style unique s'affrontent ici. Battez-vous dans des décors variables et maîtrisez le système de combo qui permet de vider la barre de vie adverse en un clin d'oeil.
fatfury1	L'histoire de Fatal Fury se déroule dans la ville américaine fictive de Southtown. Rongée par le crime et la corruption et dirigée de main de fer par le Parrain de la pègre locale Geese Howard, cette ville accueille chaque année le tournoi du King of Fighters, qui permet aux combattants les plus aguerris de se mesurer puis d'affronter le bras droit de Howard, l'invincible Billy Kane. Les frères Terry et Andy Bogard décident de participer au tournoi dans le but de se venger la mort de leur père, l'expert en arts martiaux Jeff Bogard, assassiné dans des conditions mystérieuses par Geese Howard. La principale originalité apportée par Fatal Fury est de permettre de combattre sur deux plans différents. Le joueur a la possibilité de déplacer son personnage de l'avant à l'arrière plan, afin notamment d'esquiver les attaques de l'adversaire. Les trois personnages disposent de coups pouvant porter d'un plan à l'autre ou sur les deux plans à la fois.
fatfury2	Fatal Fury 2 sur NeoGeo est un jeu de combat proposant une douzaine de combattants, dont certains issus de précédent opus. Les protagonistes sont cette fois-ci invités à participer à la battle royale, organisée par Wolfang Krauzer.
fatfury3	A South Town, tout le monde croit Geese Howard mort, mais celui-ci refait surface. C'est l'occasion pour les combattants de Fatal Fury 3 de se mesurer et d'en découdre. Trois nouveaux persos et un système de notation de votre style sont au programme dans ce troisième épisode sur Neo Geo.
fbfrenzy	Football Frenzy sur Neo Geo est une simulation de football américain mélangeant des stratégies complexes et un jeu physique intense. Le but du jeu est de marquer des points en portant le ballon ovale jusqu'à la zone de but de l'équipe adverse au bout du terrain. Pour avancer, le joueur peut porter le ballon en slalomant entre les défenseurs ou le lancer à un coéquipier.
fightfev	Dans Fight Fever sur Neo Geo, combattez avec l'un des 10 personnages au choix en mode Versus ou Histoire. L'histoire se déroule lors d'un tournoi de Taekwondo mettant aux prises des combattants venus du monde entier. Chacun des personnages possède ses propres techniques (5 ou 6 coups spéciaux) et son style particulier.
flipshot	Battle Flip Shot sur Neo Geo reprend le principe du plus vieux jeu vidéo de l'histoire, j'ai nommé Pong, et l'agrémente de certaines subtilités. Deux joueurs armés de boucliers se renvoient une boule d'énergie, qui si elle n'est pas interceptée, détruit les plots placés derrière le joueur. Chaque personnage dispose d'attaques spéciales pour faire accélérer violemment la boule.
frogfest	jeu Amateur.Frog Feast est une adaptation d'un jeu intellvision, Frog Bog. le concept est assez simple puisqu'il s'agit de deux grenouilles devant manger le plus d'insectes en un temps imparti.
froman2b	Une version prototype du jeu développé par Video System et édité par SNK en avril 1995 sur borne d'arcade 2 et en août 1995 sur Neo-Geo CD
fswords	Samurai Shodown III sur Neo Geo est le troisième opus de la série produite par SNK. Ce jeu de combat se déroule au Japon, lors du moyen-Age. Zankuro Minazuki, surnommé le démon, terrorise les régions provinciales en attaquant et pillant tous les villages isolés. 12 samuraïs, experts dans le maniement de l'arme blanche réunissent leurs forces dans un seul but, neutraliser le démon.
galaxyfg	De nombreuses légendes circulent à travers notre galaxie relatant l'existence d'un être suprême réapparaissant tous les milles ans. Son nom: FELDEN CRAIS (un équivalent du Beyonder pour les connaisseurs des guerres secrètes). Il n'est ni malveillant, ni bienveillant mais son pouvoir est tout puissant et nul mortel n'est plus puissant que lui. Le cycle de mille ans arrive à son terme et 8 combattants provenant des quatre coins de l'univers veulent le rencontrer pour tester leur pouvoir.
ganryu	Ganryu sur Neo Geo est un jeu d'action proposant de vivre les aventures d'un redoutable samouraï, Musashi, ou celles d'une petite combattante ninja, Suzune. Le but du jeu est de sauver Otsune, détenue par les sbires du terrible Kodjiro. Pour vous défendre, vous disposez d'un sabre, d'un grappin ainsi que de trois armes accessoires qui se substituent au Katana.
garou	Cela fait plusieurs années que Geese Howard a été vaincu dans une bataille avec Terry Bogard, un jeune homme cherchant à venger son père. Plutôt que de chercher à être sauvé de la mort après être tombé du balcon de son bureau, Geese a plutôt décidé de mourir et a laissé derrière lui son jeune fils, Rock. Terry a accueilli Rock et est devenu comme un grand frère pour lui, élevant le garçon tout au long de sa vie. Maintenant, Rock est un adolescent et Terry est un homme dans la trentaine, et les deux sont sur le point de se retrouver dans un nouvel affrontement... nouveaux visages et anciens se réunissent pour la plus grande bataille à ce jour !
ghostlop	Mélange d'Arkanoid pour le genre et de Magical Drop pour ce qui est de la rapidité de réflexion nécessaire, ce jeu ne sortit jamais officiellement. Profitez de l'émulation pour découvrir ce titre accrocheur.
gladmort	Un artefact donne à son utilisateur le pouvoir d'invoquer un mystérieux chevalier noir : GladMort ! !! Doté d'une force surnaturelle et d'un charisme douteux, il est capable d'invoquer la magie noire et de manier des armes ancestrales. Le sort de l'humanité est désormais entre les mains de notre anti-héros...
goalx3	Goal! Goal! Goal! est un jeu de football sur Neo Geo. Les différentes équipes nationales sont présentes. Vous devez mettre en place la tactique de votre équipe et battre votre adversaire. Des championnats et tournois sont aussi au programme.
gowcaizr	L'histoire de Voltage Fighter: Gowcaizer prend place dans le futur. Le Japon a été ravagé et le gouvernement s'est établi sur une île artificielle dans la baie de Tôkyô. Un ordinateur central gère tout : sécurité, nettoyage, circulation, etc. Au milieu de l'île se trouve le National Bernard Institute, où il y a plusieurs milliers d'étudiants. Depuis qu'un nouveau directeur y a été nommé, les actes de violence ont beaucoup progressé, comme s'il en était la cause. Un étudiant, Isato Kaiza, a trouvé le moyen de puiser la puissance de la pierre Kaizer. Il devient ainsi Gowcaizer, le Burning Hero.
gpilots	Ghost Pilots sur Neo Geo est un shoot'em up se déroulant durant la Seconde Guerre mondiale. Le joueur dirige un bombardier et peut tirer sur ses adversaires ou lâcher des bombes limitées en nombre. Les tirs peuvent augmenter en puissance à condition de récupérer des bonus estampillés S, lâchés par un groupe d'avions rouges. Gardez un oeil partout car les tirs et avions ennemis proviennent des quatre coins de l'écran.
gururin	Une sorte de dr mario sauf que les personnages (de couleur et à regrouper par trois) sont dans un ordre fixe et on ne peut faire que deux choses : les bouger latéralement et faire tourner d’un quart de tour l’endroit ou ils tombent… L’enfer je vous dis !!
hyprnoid	Le joueur doit détruire tous les blocs avec une boule d'énergie pour terminer un niveau. Une palette est utilisée pour dévier la boule et la garder à l'intérieur du niveau. En plus des blocs classiques, il existe quatre types de blocs spéciaux ayant des propriétés spéciales pour entraver votre progression. Dix types différents de bonus peuvent être collectés pour aider à terminer les niveaux plus rapidement et gagner plus de points bonus. Après avoir terminé neuf niveaux de blocs, vous affronterez un boss final maléfique et puissant dans un combat palpitant.
ironclad	Ironclad (Ironclad Brikinger Chotetsu au Japon) est un jeu du type shoot them up développé par Saurus et édité par SNK en 1996 sur Neo-Geo CD (NGH 220)1,2,3. Fin 2009, le jeu est porté sur console virtuelle au Japon et le 12 mars 2010 sur console virtuelle en Europe. Une version Neo-Geo MVS sous forme de prototype fut présenté dans plusieurs salons du jeu vidéo de l'époque, mais le jeu n'est pas sorti officiellement à la vente dans le commerce4,(en) Ironclad sur Arcade-History. Une version bootleg au format MVS et AES est apparue peu de temps après l'arrivée du jeu sur la console virtuelle japonaise de la wii
irrmaze	The Irritating Maze sur Neo Geo est un jeu dans lequel vous dirigez une bille métallique dans un labyrinthe. L'objectif est de parvenir à la fin du parcours sans entrer en contact avec les rebords électrifiés. Pour compliquer un peu plus la tâche du joueur, les 3 parcours du jeu sont agrémentés de pièges divers et le temps est limité.
janshin	Un titre qui se démarque de ses concurrents sur Neo-Geo : en effet on a droit ici à un mahjong non-traditionnel auquel a été ajoutée une touche de RPG, le tout dans une ambiance médiévale... vous disposez de certains coups spéciaux orignaux tels que détruire la pièce de l'adversaire, la lui voler, la bloquer, etc. Lorsque vous aurez vaincu votre adversaire, vous aurez le droit d'admirer une jolie fille stylée manga !
jockeygp	Jockey Grand Prix sur Neo Geo est un jeu d'équitation particulier car il prend le parti de ne s'attacher qu'aux pronostics. Pariez donc sur un ou plusieurs canassons (en fonction de vos moyens) et priez durant la course pour qu'il finisse en tête. Le titre instaure un système de cote attribuée à chaque cheval qui détermine les chances de le voir remporter la course.
joyjoy	Toutes les consoles ayant reçu un clone de Tetris, la Neo Geo ne pouvait pas déroger à la régler. Les programmeurs de SNK se devaient de trouver un truc fabuleux pour relancer l'intérêt de Tetris. Ce léger plus pourrait passer inaperçu pour les non-initiés, mais pour les autres, ça saute tout de suite aux yeux. A chaque ligne que vous réalisez, les pièces présentes au-dessus ne sont plus, comme dans Tetris, maintenues par l'opération du Saint-Esprit.
kabukikl	Kabuki Klash sur Neo Geo est un jeu de combat ancré dans l'univers de Far East of Eden et proposant d'incarner 10 combattants dont 2 cachés, dans trois modes : Normal, Battle (mode versus) et Time attack (contre-la-montre). Lors des affrontements, des oiseaux viennent déposer des objets (armure, peau de banane, bonus, poison) qui permettent parfois de renverser la situation.
karnovr	Karnov's Revenge, plus connu sous le nom de Fighter's History Dynamite dans d'autres pays, est un jeu de combat en 2D sur Neo Geo et Neo Geo CD. Treize combattants sont proposés. Vous pourrez les faire évoluer dans des modes classiques, à savoir : Versus et Histoire en solo.
kizuna	Kizuna Encounter Super Tag Battle est l'un des nombreux jeux de combat sortis sur la Neo Geo. Celui-ci propose cependant une particularité avec le &quot;tag battle&quot;. Vous combattez par équipe de deux, avec la possibilité d'interchanger les combattants à tout moment, pourvu que vous soyez sur la zone d'échange. La mise au tapis de l'un des deux entraîne la défaite de l'équipe entière.
knightsch	Knight's Chance est un jeu véritablement unique, se déroulant dans un monde médiéval et mettant l'accent sur quatre jeux : -Dragon's Hollow (Poker) - Mystic Dice (Farkle) - Cursed Mynd (Jeu de mémoire)
kof2000	L'histoire se passe juste après que le cartel Nests se soit fait connaître de par ses activités de clonage. K' est parvenu à échapper à l'organisation, avec l'aide de Maxima. Il connaît désormais son statut de clone de Kyô. Heidern et Ling (un autre militaire) organisent un nouveau KOF afin d'enquêter et en finir une bonne fois pour toutes avec le cartel. C'est le septième volet de la série The King of Fighters et le dernier produit par SNK avant que celle-ci ne soit en faillite.
kof2001	L'édition 2001 de King of Fighters sur Neo Geo est la première développée par Eolith. Elle regroupe 40 personnages jouables et intègre des fonctionnalités permettant de moduler votre équipe comme bon vous semble. Dès lors, le joueur peut choisir le nombre de strikers (personnages additionnels dans l'équipe), de 1 à 3, au détriment du nombre de personnages jouables.
kof2002	The King of Fighters 2002 est le neuvième épisode de la célèbre série de jeux de combat. Cet épisode est le signe d'un retour aux sources en délaissant le système de strikers instauré dans l'édition 99 pour un retour à la traditionnelle bataille en équipe.
kof2003	The King of Fighters 2003 sur Neo Geo est un jeu de combat regroupant pas moins de 35 personnages jouables. Cet épisode fait entrer le système du Tag Battle dans la série qui permet de changer de combattant en plein duel sans que le personnage ne soit forcément KO.
kof94	The King of Fighters '94 sur Neo Geo est un jeu de combat regroupant les meilleurs combattants de l'univers SNK dans un championnat par équipes de trois. Choisissez vos personnages préférés issus de titres comme Art of Fighting, Fatal Fury ou Ikari Warriors. Battez-vous en un contre un et quand un adversaire est mis au tapis, un autre prend son relais. Il est toutefois possible de déclencher des attaques spéciales faisant appel à tous les combattants de votre équipe.
kof95	The King of Fighters '95 est un jeu de combat 2D tournant sur Neo Geo. Ici 26 personnages aux styles différents s'affrontent pour obtenir le titre de &quot;King of Fighters&quot;. Très vite les participants au tournoi vont s'apercevoir que l'enjeu de ce tournoi est très différent de ce qu'ils avaient imaginé.
kof96	Après le mort d'Omega Rugal, dont le corps ne supporta pas le pouvoir d'Orochi, un nouveau tournoi est organisé par une certaine Chizuru Kagura. Cette dernière se présente comme la gardienne du miroir qui scelle le démon Orochi mais sent que quelque chose ne tourne pas rond. Elle demande à Kyo et Lori de l'aider à défendre ce sceau en cas d'attaque. Effectivement, Goenitz, messager d'Orochi, est venu libérer son maître. Mais Kyo et Lori rassemblèrent leurs forces pour en venir à bout. Goenitz mort, Iori but de son sang avant d'avoir un comportement étrange. Il entra en Riot of the blood et tua Vice et Mature qui étaient à ses côtés. The King of Fighters '96 est un épisode important dans l'histoire de KOF. La légende d'Orochi est de plus en plus présente et nous avons droit à un des boss les plus coriaces des jeux de baston, Goenitz. Quant au jeu à proprement parlé, il a subi une belle évolution graphique.
kof97	King of Fighters '97 sur Neo Geo est le quatrième jeu de baston de la série KOF. La principale nouveauté du titre réside dans l'intégration de modes Extra et Advanced qui influent sur le style de combat. Ce dernier consiste en l'accumulation de boules soit pour faire une furie, soit pour un CD Break en contre-attaque permettant de se dégager d'un combo.
kof98	The King of Fighters'98 est un jeu de combat 2D sur NEO GEO. Cinquième opus de la série, ce volet intitulé au Japon &quot;Dream Match Never Ends&quot; se déroule en réalité à l'intérieur d'un rêve du personnage Shingo. Le joueur a le choix d'incarner 36 combattants différents.
kof99	Dans King of Fighters '99 sur Neo Geo, incarnez l'un des 32 combattants au choix dans un tournoi sanglant. Cet opus permet d'intégrer dans son équipe un quatrième combattant qui prend le rôle de &quot;Striker&quot;. Il peut intervenir lors des duels pour améliorer la défense ou pour participer à un combo fatal pour l'adversaire.
kotm	King of the Monsters sur Neo Geo est un jeu de destruction dans lequel des créatures géantes s'affrontent afin d'obtenir le titre de champion du monde des monstres. Les participants varient du dinosaure à la momie, en passant par le gorille ou le coléoptère. Quant aux rings choisis pour ces affrontements titanesques, il s'agit des plus vastes métropoles japonaises.
kotm2	King of the Monsters 2 : the Next Thing sur Neo Geo est un jeu d'action dans lequel vous incarnez des créatures géantes. Contrairement au premier épisode, vous ne devez pas semer terreur et la destruction sur votre passage mais défendre les humains d'une invasion de monstres extraterrestres. Les combats se déroulent dans les 4 coins du monde : France, Etats-Unis, Grand Canyon, Volcans, etc.
lastblad	Choisissez parmi les 14 protagonistes de The Last Blade sur Neo Geo, une référence du jeu de combat sur cette console. De nombreux combattants disposent d'un sabre, leur maniabilité et leur style requièrent une technique bien distincte de leurs homologues se battant à mains nues, diversifiant ainsi le plaisir de jeu.
lastbld2	The Last Blade 2 sur Neo Geo est un jeu de combat en 2D. Les affrontements se font à l'arme blanche, au club de golf et autres cannes à pêche. Le jeu recèle une très grande variété de mouvements et parades, et requiert donc une certaine technicité.
lasthope	Last Hope est un shoot'em up sur Neo Geo. Vous pilotez un Z-42, vaisseau spatial faisant partie de la dernière ligne de défense contre l'invasion extraterrestre qui menace la Terre et vous devez détruire tout ce qui croise votre ligne de mire.
lastsold	Choisissez parmi les 14 protagonistes de The Last Blade sur Neo Geo, une référence du jeu de combat sur cette console. De nombreux combattants disposent d'un sabre, leur maniabilité et leur style requièrent une technique bien distincte de leurs homologues se battant à mains nues, diversifiant ainsi le plaisir de jeu.
lbowling	League Bowling sur Neo Geo vous propose de dégommer des quilles à tout-va, qui plus est dans la bonne humeur. Jouable jusqu'à 4, ce titre offre de nombreux modes de jeu afin de pimenter le mode classique. Le tout est ponctué de petites scènes dans un look cartoon, venant égayer les parties.
legendos	Joe Yabuki est un petit voyou errant dans les rues. Il est repéré par un entraîneur de boxe retiré du circuit qui voit en lui un futur champion et qui décide donc de le prendre en main. Telle est l'intrigue de ce jeu de boxe sur Neo Geo, adapté du manga &quot;Ashita No Joe&quot; créé par Tetsuya Chiba et Asao Takamori dans les années 70.
looptris	LOOPTRIS est un jeu de type Tetris en 3D où les pièces classiques s'empilent sur un plateau cylindrique que vous pouvez faire tourner. Jouable à 1 ou 2 joueurs.
lresort	Dans un futur lointain, les hommes ont colonisé l'espace. Un virus d'origine inconnue a pris possession de la plupart des intelligences artificielles, les retournant contre l'humanité avec pour unique but de l'anéantir. Vous incarnez l'un des pilotes de l'opération Last Resort dans ce jeu sur Neo Geo, dernier espoir pour les humains.
magdrop2	Magical Drop II est un jeu de réflexion dans lequel le joueur contrôle un personnage capable d'attraper et de relancer des ballons afin d'aligner au moins trois couleurs identiques verticalement pour les faire éclater. Il est possible de stocker plusieurs ballons d'une même couleur pour provoquer des réactions en chaîne. Certains ballons spéciaux demandent des conditions particulières pour être éliminés, tandis que des power-ups permettent de nettoyer des lignes ou d'apporter une aide supplémentaire. Selon les régions, plusieurs modes de jeu sont proposés : Survival, où il faut tenir le plus longtemps possible face à un flux de ballons de plus en plus rapide. Puzzle, qui impose de vider une configuration fixe dans un temps limité. VS Mode, un duel en écran partagé contre l'IA ou un autre joueur, chaque personnage disposant de ballons spéciaux propres.
magdrop3	Dans Magical Drop III sur Neo Geo, vous contrôlez un clown qui attrape et lance des ballons. Vous devez les rassembler par couleurs identiques pour qu'ils explosent et libèrent de la place. Le mode deux joueurs vous permet d'affronter le CPU ou un ami, et cette fois-ci, vous pouvez choisir votre personnage, doté d'attaques qui lui sont propres.
maglord	Dans Magician Lord, le joueur incarne Elta, un mage chargé de récupérer huit tomes mystiques dérobés par le sorcier Gal Agiese, qui cherche à libérer le Dieu de la Destruction Az Atorse. Pour progresser, Elta peut combiner des orbes élémentaires afin d'adopter différentes transformations (Dragon Warrior, Waterman, Poseidon, Shinobi, Samurai ou Raijin), chacune dotée d'attaques et de capacités uniques. Le jeu est divisé en huit zones, et chacune se termine par un combat contre un gardien puis contre un boss, généralement une manifestation d'Az Atorse.
mahretsu	Le Mahjong, vous connaissez ?Tout l'art de ce jeu réside dans l'art de choisir et de rejeter la bonne pièce. Il faut mémoriser les pièces visibles sur la table et savoir bloquer l'adversaire au bon moment.
marukodq	Un Quizz en japonais basé sur un manga japonais.
matrim	Power Instinct Matrimelee sur Neo Geo est un jeu de combat en un contre un. Les personnages disponibles sont issus du jeu Gouketsuji Ichizoku 2, sorti six années auparavant. Lancez-vous dans l'arène, où des actions loufoques surviennent toujours au milieu d'un combat.
miexchng	Money Puzzle Exchanger sur Neo Geo est un puzzle-game dans lequel vous devez regrouper des pièces de même valeur par groupe de 4 ou plus afin de les faire disparaître. Au fur et à mesure, de nouvelles pièces font leur apparition en haut de l'écran et le but est de les classer assez vite pour ne pas finir surchargé.
minasan	Un jeu de mahjong difficile avec des personnages très étranges et des éléments empruntés au jeu de plateau . Il est basé sur la comédie de la télévision japonaise 'Minasan no Okage Desu' créée par 'Tunnels', qui était diffusée sur Fuji TV de 1988-97. Beaucoup de ces personnages apparaissent dans le jeu.
mslug	Metal Slug est un jeu d'action sur Neo Geo. Vous incarnez Marco Rossi et Tarma Roving, membres des Peregrine Falcons, en mission pour libérer de nombreux prisonniers. Face à vous, une horde d'ennemis qui veulent votre peau, et que vous devez donc annihiler, grâce notamment aux armes et véhicules que vous pouvez trouver en chemin.
mslug2	Vous incarnez Marco, Eri, Tarma ou Fio dans Metal Slug 2 sur Neo Geo. Tout au long des niveaux, vous pouvez collecter de puissantes armes et conduire des véhicules dans le but de barrer la route au General Morden. La recette qui a fait le succès de son prédécesseur est ici reprise, et améliorée.
mslug3	Metal Slug 3 est un jeu vidéo du type run and gun développé et édité par SNK en 2000 sur Neo-Geo MVS et Neo-Geo AES (NGM 256)1,2,3. C'est le quatrième épisode de la série Metal Slug, il a été porté sur PlayStation 2 en 2003 et sur Xbox en 2004 Xbox.
mslug3b6	Metal Slug 6 es un hack de &quot;Metal Slug 3&quot;. Le vrai Metal Slug 6 se trouve sur Système Atomiswave.
mslug4	Une organisation nommée Amadeus est sur le point de prendre le contrôle des ordinateurs des armées du monde entier grâce à un virus qu'elle a développé. Metal Slug 4 sur Neo Geo présente deux nouveaux héros, Nadia Cassel et Trevor Spacey, que vous devez guider à travers des niveaux fourmillant d'ennemis. Heureusement pour vous, un arsenal copieux est à votre disposition pour blaster à tour de bras.
mslug5	Les quatre héros mythiques de la série (Marco, Tarma, Eri et Fio) sont de retour dans Metal Slug 5 sur Neo Geo. Ils traquent cette fois-ci une organisation du crime qui a dérobé les plans des prochains Metal Slug. Trois nouveaux guns, deux véhicules, et un nouveau mouvement qu'est le &quot;slide&quot; constituent les améliorations de ce cinquième épisode.
mslugx	Remake de Metal Slug 2, cet opus ne s'est pas contenté de régler le problème de ralentissement, il a aussi apporté quelques nouveautés: -De nouvelles armes font leurs apparitions: Iron Lizard, Drop Shot et ainsi que les versions plus puissantes des armes déjà existante. -Deux nouveau véhicules: le Slug Noid et le Metal Slug Type-R (version plus résistante, plus puissante et plus rapide) -Une refonte de tous les décors. -Une nouvelle mise en scène dans la mission finale.
mutnat	Des expériences génétiques ont très mal tourné et ont transformé toute la population d'un ville en mutants. Dans Mutation Nation sur Neo Geo, vous incarnez un des deux braves gaillards chargés de ramener l'ordre dans ce village maudit.
nam1975	Nam 75 reprend le meilleur des deux jeux que sont Operation Wolf et Cabal pour nous en offrir une synthèse plus aboutie. Vous prendrez donc le contrôle d'un soldat vu de dos qui va se déplacer latéralement sur un seul axe horizontal, sans possibilité de monter ou descendre. Le scrolling va défiler indépendamment et s'arrêtera lors d'événements particuliers ou de boss. Vous aurez d'office une arme type mitraillette tirant des balles relativement rapides. Votre armement pourra rapidement s'étoffer en ramassant des grenades, ou des armes secondaires comme une mitrailleuse lourde ou un lance-flammes. Ces armes secondaires auront des munitions limitées, et seront donc à utiliser avec discernement. La destruction des ennemis ou éléments du décor vous permettra de dénicher ces atouts supplémentaires, mais aussi des Speed-ups ou des points pour faire grossir votre score et ainsi gagner des vies.
ncombat	Ninja Combat sur Neo Geo est un beat'em all sorti sur la plate-forme de SNK. Seul ou à 2 joueurs, incarnez un ninja et terrassez vos adversaires grâces aux armes blanches, techniques de combat et bonus de puissance disséminés dans les stages. A la moitié de chaque niveau, le joueur affronte un demi-boss qui, une fois battu, devient jouable.
ncommand	Ninja Commando sur Neo Geo est un beat'em all dans lequel le joueur commande trois guerriers aux styles particuliers. Sept niveaux durant, parcourez les 4 coins du globe et neutralisez le &quot;destructeur&quot; avant qu'il ne parvienne à transformer la planète en champ de bataille. Chaque personnage possède une technique normale et une technique mortelle qui doit être utilisée avec parcimonie car elle fait descendre sa barre d'énergie.
neobombe	Neo Bomberman sur Neo Geo est un jeu d'action dans lequel vous incarnez l'un des 12 personnages proposés. Le but du jeu est de faire exploser une bombe près de son adversaire afin de le réduire en cendres. Deux modes sont proposés : un mode normal comprenant 5 environnements différents et un mode battle permettant à 4 joueurs de s'affronter simultanément avec 2 consoles raccordées
neocup98	Neo Geo Cup'98 est une simulation de football basée sur la coupe du Monde 1998. Ce titre est un nouvel opus de la série Super Sidekicks et met à jour l'ensemble des données pour se concentrer sur l'événement. En phase de qualification ou lors des matchs à élimination directe, menez l'une des 64 équipes disponibles vers la victoire.
neodrift	Neo Drift Out sur Neo Geo est un jeu de rallye comprenant 3 véhicules (Toyota Celica, Subaru Impreza et Mitsubishi Lancer) et 6 courses pour autant d'environnements. Le pilotage se fait exclusivement en dérapages et chaque stage doit être terminé dans le temps imparti afin d'accéder au niveau suivant.
neomrdo	Neo Mr Do sur Neo Geo est un puzzle-game dans lequel le joueur incarne un clown dans un univers cartoon riche en couleurs. Pour terminer le niveau, le joueur doit réussir à attraper toutes les carottes mais gare aux créatures qui le poursuivent. S'il entre en contact avec l'une d'entres elles, il meurt instantanément et tout est à recommencer.
neothund	Neo Thunder est un jeu Homebrew de type Space shooter
neotris	Neotris est un jeu indie inspiré de Tetris, orienté clairement vers le jeu en multi-joueur. Jusqu'à 4 joueurs sont d'ailleurs supportés grâce à l'accessoire multi-tap conçu pour le jeu.
nitd	Nightmare In The Dark sur Neo Geo est un jeu de plates-formes se déroulant dans un univers lugubre. Le joueur doit réduire en cendres tous les adversaires qu'il croise afin d'atteindre le plateau suivant. Pour ce faire, la technique adoptée est de transformer un zombie en torche humaine puis de le jeter sur les autres créatures. Chaque monde s'achève par un affrontement avec un boss.
overtop	Over Top sur Neo Geo est un jeu de courses proposant 8 véhicules (Hummer, Ferrari, Moto...) qui s'affrontent dans des environnements divers (ville, désert, campagne...). L'objectif est de terminer les courses avant que le chronomètre n'atteigne zéro. Les virages sont annoncés par des flèches et le joueur peut s'aider d'un radar, notamment pour dénicher les raccourcis.
panicbom	Panic Bomber: Bomberman est un jeu vidéo de puzzle développé par Raizing et Hudson, puis édité par SNK en 1994 sur PC Engine et en janvier 1995 sur Neo-Geo MVS (NGM 073)1,2,3. Il a été adapté la même année sur Virtual Boy et en 1998 sur PlayStation. Une nouvelle version du jeu a été commercialisé en 2005 sur PlayStation Portable. Les versions consoles n'ont été commercialisées qu'au Japon. Le jeu fait partie de la série Bomberman mais se différencie du concept original en tirant son principe de Tetris ou Puyo Puyo
pbobbl2n	Dans Bust A Move 2 sur Neo Geo, vous devez faire disparaître toutes les billes en regroupant celles de même couleur, par groupe de 3 ou plus. Ce second opus intègre un mode deux joueurs dans lequel chaque joueur doit défier une intelligence artificielle de plus en plus coriace.
pbobblen	Bust-A-Move sur Neo Geo est un puzzle-game dont l'objectif est de détruire toutes les bulles à l'écran pour passer au niveau suivant. Pour ce faire, le joueur dispose d'un canon pour lancer les bulles, chaque rangée de trois de la même couleur disparaissant automatiquement.
pgoal	Pleasure Goal sur Neo Geo est un jeu de football réunissant 16 sélections internationales parmi les meilleures au monde pour des matches en 5 contre 5. Le titre permet de contrôler le gardien et propose des gestes peu réglementaires. Sauts, dribbles, feintes et frappes sont légion dans ce jeu qui privilégie le spectacle au réalisme.
pnyaa	Pochi & Nyaa sur Neo Geo est un jeu de puzzle dans lequel vous devez aligner des chiens ou chats de couleur, mais contrairement aux autres jeux de ce style, c'est vous qui décidez quand les blocs disparaissent.
popbounc	Pop'n Bounce sur Neo Geo est un jeu de type casse-briques. Le joueur dirige une plate-forme en bas de l'écran sur laquelle rebondit une balle qui doit faire disparaître des cibles. Le titre intègre un mode deux joueurs dans lequel il faut terminer le niveau plus vite que son adversaire. Pour aider le joueur, il existe différents types de bonus : élargissement de planchettes, tirs de missiles, etc.
preisle2	Différents types de dinosaures ont émergé : des grands, des petits et certains ont même les ailes ! Votre mission est d'éliminer ces bêtes primitives de la ville. Sauvez et aidez tous les citoyens pris au piège !nnA un ou deux joueurs, pilotez un hélicoptère de combat et anéantissez ces monstres préhistoriques. Le titre est composé de niveaux dans des environnements variés à scrolling horizontal tels que la ville, la mer, la jungle... A la mesure du possible, vous devez également sauver les civils en perdition.
pspikes2	Power Spikes 2 sur Neo Geo est un jeu de sport dans lequel vous dirigez l'une des trois catégories d'équipes de volley-ball : sélections internationales masculines, féminines ainsi que des équipes futuristes. Les parties se décomposent en trois phases de jeu : attaque, défense et service. Variez les attaques grâce à la panoplie de coups spéciaux et anticipez ceux de votre adversaire pour sortir vainqueur des différents tournois.
pulstar	Une menace extraterrestre plane sur la galaxie et seuls vous et votre fidèle chasseur stellaire pouvez la vaincre. Pulstar est un jeu de tir à défilement latéral en 2D dans lequel vous contrôlez votre vaisseau qui se fraye un chemin à travers des niveaux remplis de vagues d'ennemis déterminés à vous détruire. Vous pouvez améliorer vos armes principales en collectant des power-ups et le fait de charger de l'énergie vous permet de lancer des attaques surpuissantes au prix de la consommation de power-ups. De plus, votre vaisseau est équipé d'un pod d'armement &quot;optionnel&quot; qui flotte autour de votre vaisseau et qui peut être positionné dans plusieurs configurations pour protéger le vaisseau ou augmenter sa puissance de feu. Bien qu'entièrement en 2D, le jeu utilise des sprites 3D pré-calculés et inclut des cutscenes entièrement animés entre chaque niveau. Il permet également de jouer à deux.
puzzldpr	Puzzle De Pon R sur Neo Geo est un puzzle-game dont l'objectif est identique à celui du précédent opus, à savoir faire disparaître une cible entourée de billes de couleur. Ce titre intègre de nouveaux niveaux et une bombe supplémentaire. L'objectif secondaire étant de faire un score honorable, le jeu comprend de nombreux bonus dont le &quot;Million Shot&quot; qui rapporte, une fois touché, un million de points.
puzzledp	Puzzle De Pon sur Neo Geo est un puzzle-game dans lequel il faut faire disparaître une cible entourée de billes de couleur. Pour ce faire, le joueur doit regrouper les billes par groupe de 3 afin de les faire éclater. Le niveau prend fin lorsque la cible est délivrée des billes qui l'entourent.
quizdai2	Quizz en japonnais
quizdais	Quizz en japonais.
quizkof	Quizz en japonnais sur le thème de King of Fighters
ragnagrd	Ragnagard (Shin-Oh-Ken au Japon) est un jeu de combat sur Neo Geo. Choisissez l'un des 8 guerriers disponibles et combattez vos adversaires sur les différents environnements disponibles.
rbff1	Real Bout Fatal Fury sur Neo Geo est un jeu de combat se déroulant en milieu urbain. Les combats se déroulent dans le cadre d'un tournoi organisé par la pègre locale, le vainqueur obtenant le droit d'affronter le caïd Billy Kane. Le titre permet de combattre sur plusieurs plans à la fois et offre la possibilité d'éjecter l'adversaire hors du ring.
rbff2	Real Bout Fatal Fury 2 : The Newcomers sur Neo Geo est un jeu de combat mettant en scène 22 participants, soit 18 personnages et 4 boss. Ce second opus accentue les systèmes de combos, renforçant l'intensité des duels. De nouveaux personnages font leur apparition, dont Li Xiang Fei, une adepte du Kung-fu.
rbffspec	Real Bout Fatal Fury Special sur Neo Geo est un jeu de combat comprenant 20 personnages jouables remodelés pour l'occasion. En plus de la possibilité de détruire des objets du décor, voire le décor en lui-même, vous pourrez déchaîner des puissants coups à force de prendre ou de donner des dégâts ce qui vous permettra de vous libérer de vos adversaires.
ridhero	Riding Hero sur Neo Geo est un jeu de courses de motos proposant de faire chauffer l'asphalte dans 10 circuits aux quatre coins du monde. Au-delà du championnat classique, le titre intègre un mode Story qui permet d'incarner un pilote débutant et de le suivre tout au long de sa carrière. Lancez-vous sur route ouverte et enchaînez les performances pour signer chez une écurie renommée.
roboarmy	Jeed, un scientifique spécialiste de la robotique a levé en cachette une armée de robots et il compte bien prendre ainsi le contrôle de la ville de Neo-Detroit. Ce savant fou utilise les cerveaux humains pour les mettre dans des carcasses de robots et en faire de braves combattants à sa solde. Il robotise tout : humains, oiseaux, chiens, singes... Fort heureusement, son processus d'asservissement a mal fonctionné sur deux policiers devenus robots. Ces derniers vont se dresser contre lui et contrecarrer ses plans.
rotd	Rage of the Dragons est basé sur un système de combat en équipes par TAG, dans lequel le joueur prend le contrôle de deux personnages et peut changer entre l'un ou d'autre pendant la partie. Le personnage qui n'est pas contrôlé pourra récupérer lentement une partie de son énergie tandis que l'autre se bat. Le joueur peut exécuter des combos spéciaux (le « Team Duplex ») dans lesquels les deux personnages attaquent un adversaire en même temps pour des dégâts supplémentaires. En choisissant des partenaires spéciaux, il est possible de réaliser le « Team Duplex Special » qui consiste en une combinaison de 2 Team Duplex.
s1945p	Jeu dans la lignée des 19XX et 3eme volet de la série, Strikers 1945 Plus est un shooter vertical archi classique. 6 engins au choix (dont une soucoupe volante rigolote), à l'armement différent: tir simple, tir secondaire (missile, tête chercheuses, shuriken, etc), tir spécial (laser, explosions, etc) et bombe. La bombe est ici en fait une escorte alliée, qui fait plus ou moins de dégâts et reste plus ou moins longtemps à l'écran (absorbant ainsi les tirs ennemis) suivant le vaisseau choisi.
samsh5sp	Une mise à jour du cinquième épisode de Samurai Shodown. En plus des 24 personnages de base, 4 autres font leur apparition : Amakusa, Gaoh, Zankuro et Mizuki. Il est possible d'avoir recours à des fatalités lorsque votre adversaire est sur le point de mourir. Les trois modes de jeu proposés sont Time Attack, Versus et Entrainement.
samsho	Samurai Shodown sur Neo Geo est un jeu de combat se déroulant au XVIIIème siècle au Japon. Le titre intègre des modifications par rapport aux classiques du genre telles que l'utilisation d'armes blanches, un système de zoom ainsi qu'une jauge POW se remplissant au fil du combat et débloquant des attaques puissantes.
samsho2	Samurai Shodown II sur Neo Geo est un jeu de combat se déroulant au Moyen-Age au coeur du pays du soleil levant. Pour ce second opus de la série, 16 combattants s'affrontent et font part de leur talent en ce qui concerne l'usage d'armes blanches. Enchaînez les combos pour faire monter votre jauge de Pow et lancer une attaque fatale.
samsho3	Samurai Shodown III sur Neo Geo est le troisième opus de la série produite par SNK. Ce jeu de combat se déroule au Japon, lors du moyen-Age. Zankuro Minazuki, surnommé le démon, terrorise les régions provinciales en attaquant et pillant tous les villages isolés. 12 samuraïs, experts dans le maniement de l'arme blanche réunissent leurs forces dans un seul but, neutraliser le démon.
samsho4	Samurai Shodown IV : Amakusa's Revenge sur Neo Geo est un jeu de combat se déroulant en 1789 au Japon. Anéanti lors du troisième opus, Amakusa est ressuscité et bien décidé à prendre sa revanche. Ce titre apporte quelques modifications au système de jeu, en ajoutant notamment la possibilité de se suicider durant le combat et des combos de fatalités pour achever votre adversaire.
samsho5	La célèbre licence de jeux de baston en 2D est de retour pour son cinquième opus. 27 personnages sont jouables dont neuf nouveaux venus. Un nouveau système de combat fait également son apparition.
savagere	Le jeu se situe dans un futur assez proche, le scénario garde un lien avec l'univers habituel de SNK. Quelques dizaines d'années après les événèments de Fatal Fury et Art of Fighting, un nouveau tournoi, le &quot;God of the Beast Competition&quot;, est organisé par un individu maléfique du nom de King Lion. Chacun des 9 combattants a ses propres raisons d'y prendre part.
sbp	Super Bubble Pop est un jeu de puzzle qui rappelle Puzzle Bobble, mais en moins palpitant.
sdodgeb	Super Dodgeball sur Neo Geo est un jeu de sport dont les règles sont similaires à celles de la balle au prisonnier. Deux équipes de 3 s'affrontent dans une arène. L'objectif est de récupérer la balle et de la lancer sur ses adversaires, de façon à les faire sortir du terrain. La victoire ne s'obtient qu'en éliminant les 3 joueurs adverses.
sengoku	Sengoku sur Neo Geo est un beat'em all se déroulant au pays du soleil levant. L'histoire débute lorsqu'un shogun noir menace d'envahir le monde et lève une armée d'esprits de samouraïs pour asservir l'humanité. Le joueur incarne deux héros adeptes des arts martiaux et possédant des pouvoirs divins. Lancez-vous à l'assaut de l'armée du démon et tentez de pénétrer dans sa forteresse.
sengoku2	Retournez dans le monde des batailles mystiques. Revenir dans le cauchemar qui ne finit jamais. La grande confrontation avec le seigneur de guerre démoniaque dans le château des démons devait signifier la fin, mais la guerre ne fait que commencer ... Le château des démons domine la terre et le maître des ténèbres domine l'imposante forteresse. Les légendaires guerriers samouraïs sont à nouveau convoqués. Ils doivent maintenant voyager dans le temps, mais avec plus d'expérience et de nouveaux pouvoirs. Combattez avec plus de techniques d'attaque, de nouveaux bonus, plus de magie et transformez-vous en l'une des quatre identités dans cette incroyable suite de Sengoku.
sengoku3	Troisième jeu de la série des beat'em up Sengoku, Sengoku 3 vous oppose une fois de plus, avec un ami, aux forces mortes-vivantes de Nobunaga, mais cette fois, vous pouvez choisir librement parmi un groupe de personnages différents, chacun ayant ses propres armes et capacités, et choisir l'endroit du monde auquel vous voulez vous attaquer. Le jeu intègre un système de combat plus complexe, similaire à celui d'un jeu de combat en un contre un, en offrant aux joueurs différents boutons d'attaque, des mouvements spéciaux basés sur des entrées directionnelles, des combos et même une super barre utilisée pour déclencher des super mouvements dévastateurs. Vous ne pouvez pas changer d'arme ou vous transformer en d'autres personnages comme dans les jeux précédents, mais vous pouvez acquérir différentes armes à distance pour des attaques supplémentaires ainsi que débloquer certains boss pour augmenter le nombre de personnages disponibles.
shocktr2	Shock Troopers 2nd Squad vous offre à nouveau une série de niveaux dans lesquels vous devrez, seul ou à deux, défaire les sinistres plans du dictateur local. Cette fois-ci l'équipe de commandos doit intervenir au Billberk, une nation menacée par une mystérieux conglomérat produisant des armes de destructions massives, la D.I.C.
shocktro	Shock Troopers est un jeu d'action pur et dur. Seul ou à 2, commandez des guerriers prêts à tout et combattez la menace terroriste de plein front. Le jeu propose trois chemins d'accès distincts pour atteindre le quartier général ennemi. Armé d'une mitraillette, d'un bazooka ou d'autres armes du même genre, vous pouvez choisir de traverser la jungle, la vallée ou de passer par les massifs montagneux.
socbrawl	Soccer Brawl sur Neo Geo est jeu de football futuriste. La seule règle de ce sport est de marquer plus de buts que son adversaire. Tous les coups sont permis : il est possible d'électrocuter son adversaire et de lui tirer dessus pour récupérer la balle. En phase de possession, le joueur doit charger une barre d'énergie avant de décocher une imparable frappe au but .
sonicwi2	Aero Fighters 2 sur Neo Geo est un shoot'em up dans lequel vous avez le choix entre huit pilotes de nationalités différentes, aux commandes d'avions de guerre célèbres. Vous survolerez huit capitales, disposant d'un tir simple que vous pourrez améliorer grâce aux bonus présents dans les niveaux, ainsi que d'une super-bombe nettoyant le champ de vision de tout ennemi.
sonicwi3	Comme il en était question dans le volet précédent, vous devez dans Aero Fighters 3 sur Neo Geo survoler les grandes capitales de ce monde. Cette fois-ci, ce sera à bord de vieux coucous de la Seconde Guerre mondiale, non moins armés pour autant. Aux commandes de votre appareil et grâce aux armes améliorables dont vous disposez, vous aurez pour mission de débarrasser les cieux de tout ennemi.
spinmast	SpinMaster sur Neo Geo est un jeu de plates-formes mettant en scène deux cow-boys, Johnny et Tom. L'histoire débute lorsqu'un professeur fou kidnappe leur amie Mary. D'une pierre deux coups, les deux compères décident d'apporter de l'aide à leur amie, tout en cherchant un trésor caché. Cinq niveaux durant, il vous faut affronter les sbires du professeur tout en récoltant des fragments de cartes qui indiquent le chemin du butin.
ssideki	Super Sidekicks sur Neo Geo est une simulation de football permettant de prendre les commandes de 12 équipes internationales et de la super team, une sélection réputée imbattable. Le titre se penche sur l'essentiel avec uniquement deux boutons permettant de faire des passes, frapper, ou le pressing selon la phase de jeu. Jonglez, dribblez, frappez et tentez de battre les redoutables gardiens de but.
ssideki2	Super Sidekicks 2 est un jeu de football. Vous avez le choix entre 48 pays (Brésil, Argentine, France, Italie...) qui ont chacun des caractéristiques de jeu propre. Ainsi, les équipes sont notées sur cinq critères : frappe, vitesse, technique, défense et attaque. L'équipe de France sera plus technique alors qu'une équipe comme le Cameroun sera plus rapide. La compétition se déroule sous forme de tournoi : vous commencez en bas de tableau avec des qualifications.
ssideki3	L'une des stars du football arcade du début des années 90 revient avec une troisième mouture. Logiquement appelé Super Sidekicks 3 (et sous-titré &quot;The Next Glory&quot;), ce jeu reprend à la fois le flambeau, mais aussi hérite du lourd fardeau de succéder à son illustre aîné.
ssideki4	La principale (et seule) série de jeu de football de SNK continue son bonhomme de chemin avec un quatrième épisode. Appelée Tokuten Oh: Honoh no Libero au Japon, le jeu devient The Ultimate 11 en Occident, il perd donc son nom Super Sidekicks. Les modes sont en nombre correct avec Game Start, Exhibition Game (match amical), Grand Championship et Option. Encore une fois, celles-ci peuvent être en Français. La possibilité de jouer la touche au pied disparaît au profit d'une touche classique unique, à la main.
stakwin	Stakes Winner sur Neo Geo est une simulation permettant de prendre les commandes du canasson de votre choix lors de courses hippiques tactiques. Tenez le rythme et accélérez au bon moment, tout en prenant en compte l'état de forme de la bête pour éviter un coup de pompe fatal.
stakwin2	Stakes Winner 2 sur Neo Geo est un jeu de sport dans lequel vous montez en selle pour participer à des courses hippiques en Europe et aux Etats-Unis. Accélérer et lancer le sprint au bon moment tout en gérant la fatigue du cheval, telles sont les clés pour faire des performances honorables. Si la victoire est au rendez-vous, utilisez vos gains pour acheter des accessoires et par la même occasion, devenir encore plus performant.
strhoop	Dans ce jeu de basket de rue en trois contre trois, choisissez une équipe issue de l'un des dix pays en lice et tentez de vous imposer comme la meilleure équipe au monde. Les règles du basketball sont considérablement allégées. Les mouvements se montrent bien complets : feinte, dribble, charge, dunks divers et variés, interceptions, combinaisons... Par exemple, on peut faire semblant d'amorcer un dunk et au dernier moment, on passe le ballon. Ces techniques étant exposées entre chaque match, il est préférable de ne pas les passer quand on débute. En plus des nombreuses techniques disponibles, la puissance peut être chargée et libérée pour effectuer d'impressionnants super dunks.
superspy	The Super Spy sur Neo Geo est un jeu d'action à la première personne dans lequel vous incarnez un espion chargé de mener une lutte acharnée contre des terroristes. A mains nues, armé d'un couteau, d'un pistolet ou d'un uzi, neutralisez tous les adversaires arrivant par dizaines devant vous. Une fois la zone sécurisée, un accès s'ouvre pour entrer dans une nouvelle place hostile.
tophuntr	Top Hunter est un jeu d'action/plates-formes dans lequel deux personnages sont jouables, chacun ayant son arme de prédilection. Cinq mondes sont à nettoyer de fond en comble dans des environnements différents. Il est possible de se saisir de ses adversaires pour les balancer dans le décor, qui s'étale sur deux plans que l'on alterne pour trouver des bonus et autres zones secrètes.
totc	Treasure of the Caribbean est un puzzle game : on doit combiner trois fantômes, ou plus, de même couleur. Le nombre de fantômes combinés au dessus de trois sont envoyés à l'adversaire sous forme de tombes. Bien sûr, celles-ci peuvent être à leur tour renvoyées si elles sont à proximité d'une association de trois fantômes de couleur. Bien entendu, la vitesse augmente également mais pas au point de rendre le jeu impossible comme dans un Puyo Puyo ou un Tetris par exemple.
tpgolf	Top Player's Golf sur Neo Geo est une simulation proposant deux parcours de 18 trous et 4 golfeurs différents. Choisissez le club adéquat et adaptez votre trajectoire aux vents et aux reliefs du terrain pour achever le parcours. Chaque balle perdue équivaut à deux points de pénalité donc gare aux obstacles (cours d'eau, bunker, arbres) qui vous feront perdre des points précieux.
trally	Thrash Rally sur Neo Geo est un jeu de courses proposant de prendre les commandes d'un véhicule tout-terrain dans deux compétitions distinctes, le Paris-Dakar ou le championnat du monde des Rallyes. L'objectif est de passer les checkpoints avant que le temps imparti ne soit écoulé, tout en doublant les autres pilotes.
turfmast	Neo Turf Masters sur Neo Geo est une simulation de Golf comprenant deux modes de jeu : Solo ou Vs. Le Solo se décline en 3 modes : Entraînement, Handicap (le joueur part avec un handicap variant selon son niveau) et Triple Crown (affrontez les meilleurs). Choisissez l'un des 6 golfeurs au choix selon son style de jeu et lancez-vous dans l'un des 3 parcours au choix en Allemagne, aux USA ou au Japon.
twinspri	Twinklestar Sprites sur Neo Geo est un shoot'em up dont l'action intense contraste avec un style graphique mignon et coloré. Séparés par une barre verticale, deux joueurs s'affrontent en duel (humain contre humain ou CPU) et doivent éliminer des séries d'ennemis le plus rapidement possible afin d'envoyer des boules de feu dans la zone adverse.
tws96	Tecmo World Soccer 96 sur Neo Geo est un jeu de football dans lequel vous pouvez prendre les commandes de l'une des 16 sélections internationales disponibles et disputer des matchs de très haut niveau. Le système de jeu alterne entre phases collectives, composées de passes longues et courtes, et des phases individuelles qui prennent la forme de face-à-face.
viewpoin	Un ou deux joueurs (en mode hot-seat ou coopératif) contrôlent un vaisseau spatial équipé d'un canon laser qui peut être chargé (en maintenant le bouton de tir enfoncé) pour obtenir une explosion plus puissante. Outre l'arme principale, trois armes spéciales sont disponibles : un mur de feu qui balaye l'écran en une vague, une explosion semblable à une nova et un cercle de missiles verts sphériques à tête chercheuse.
vliner	V-Liner est tout simplement un jeu d'argent (virtuel) sous la forme d'une machine à sous de Casino !
wakuwak7	Il a été dit que la personne qui collecte les sept WakuWaku Balls légendaires aura son désir le plus cher exaucé. De même, ceux qui trouveront une des balles deviendront obsédés par le désir impitoyable d'obtenir les autres. Vous avez là le prétexte à un jeu de baston 2D sortant des sentiers battus de par les personnages et l'univers graphique qu'il propose.
wh1	World Heroes sur Neo Geo est un jeu de baston dans lequel s'affrontent les plus grands champions de l'histoire. Huit personnages uniques sont à votre disposition, prêts à s'en mettre plein la tête pour rien, avec des coups spéciaux jamais vus et des techniques hors du commun. Affrontez-les tous pour vous voir remettre le titre du meilleur combattant.
wh2	Les &quot;héros du monde&quot; font à nouveau parler d'eux sur Neo·Geo. Faisant suite à un premier opus innovant, mais insuffisamment armé pour inquiéter Street Fighter II, voici une deuxième mouture pour suivre leurs nouvelles aventures. Cette fois-ci, ADK a mis les petits plats dans les grands et le jeu tient sur près de 150 Mbits. L'histoire est on ne peut plus simple. Les héros reviennent avec six nouveaux combattants. Il faut voyager dans le temps et faire face aux assauts des adversaires dans une excitante et éprouvante bataille à différentes époques.
wh2j	Encore une fois, le monde a été sauvé par les héros, Neo Geegus et Dio ayant été vaincus. Un nouveau tournoi s'ouvre, un an plus tard. Il porte le nom de &quot;Super Battle&quot; et ce n'est plus le Dr Brown qui le sponsorise. Celui qui se cache derrière cette nouvelle compétition en a changé les règles : on affronte désormais trois combattants et deux victoires suffisent pour la qualification, le tout se déroulant sur cinq jours.
whp	L'histoire est, comme toujours dans World Heroes, très superflue, car étroitement dérivée du scénario du premier opus. Cela fait un an que s'est terminé le sinistre tournoi &quot;Super Battle&quot;, mis en place par Zeus. Chaque participant est revenu à ses affaires dans son époque quand arrive une invitation du Dr Brown. Un nouveau tournoi World Heroes est ouvert aux seize partipants du Super Battle de l'année d'avant. Zeus compte profiter de cette occasion pour se venger de sa cuisante défaite. Ce qu'il ignore, c'est qu'un autre danger au moins aussi grand plane sur ce tournoi.
wjammers	Dans Windjammers sur Neo Geo, deux joueurs s'affrontent avec Frisbee dans des arènes closes. Chacun doit garder les trois buts derrière lui. Les parties sont limitées dans le temps. En cas d'égalité le match se termine grâce à la mort subite.
xenocrisis	Le jeu commence avec le commandant Darius qui reçoit un signal de détresse de la station 88, un établissement de recherche scientifique. Les deux marines de l'espace contrôlables sont envoyés à l'établissement dans un vaisseau de déploiement, où ils commencent à se frayer un chemin à travers chaque niveau de l'établissement, où ils affrontent des aliens, des défenses robotisées, et même Cthulhu, en cherchant à comprendre ce qui se passe. En cours de route, les deux marines de l'espace trouvent des survivants de l'établissement qu'ils peuvent sauver et mettre en sécurité. Lorsque les marines de l'espace atteignent le dernier étage, ils sont confrontés au Dr. Herzog, qui révèle qu'il est à l'origine des diverses horreurs que les marines de l'espace ont combattues jusqu'à ce point. Si l'un des marines de l'espace a bu des &quot;élixirs&quot; (la fonction de continuation dans le jeu), ou si le joueur a utilisé des codes de triche, le Dr. Herzog leur révèle que ces élixirs ont été conçus par lui-même et qu'ils contiennent des nanomachines qui tueront les personnages du joueur et le jeu se terminera avec la &quot;mauvaise&quot; fin. Si le joueur n'a pas utilisé d'élixirs avant de confronter le Dr. Herzog, celui-ci attaquera le joueur en tant que boss final du jeu où il se révèle être une créature similaire aux créatures combattues jusqu'à ce point. Lorsque les joueurs battent le Dr. Herzog, la &quot;bonne&quot; fin sera révélée avec les deux marines de l'espace évacuant l'établissement.
zedblade	Zed Blade est un shoot'em up classique, à scrolling horizontal. Au début du jeu, vous pouvez choisir votre type d'armement parmi trois choix : votre tir principal, les missiles, et le tir à l'arrière de votre vaisseau. Vous pourrez ainsi choisir les directions de vos armes et vous customiser un vaisseau. Les sept niveaux vous feront arpenter un espace apocalyptique rempli d'ennemis avec qui il va falloir en découdre. A chaque vie perdue, vous recommencez au même endroit. Le jeu a donc le look d'un R-Type, mais n'en reprend absolument pas le style puzzle shooting. Les boulettes ne sont pas légion, bien qu'à la fin du jeu elle se font très présentes. Le fait qu'elles soient principalement d'une seule et même couleur facilite bien la chose.
zintrckb	Le système de jeu de Zintrick sur Neo Geo repose sur des gouttes de différentes couleurs qu'il faut regrouper horizontalement ou verticalement et ce par groupes de trois au minimum. A la différence de la plupart des jeux de ce genre, Zintrick se pratique horizontalement.
zupapa	Zupapa sur Neo Geo est un jeu de plates-formes dans lequel votre tâche consiste à nettoyer l'écran de tous les adversaires s'y trouvant. Vous contrôlez Zupapa, une sorte de baleine à pattes, armée de son poing assommeur lui permettant de se débarrasser des collants Zooks.
