#key	style	ss_system_id	encoding
2020bb	sstitle	142	lossless
3countb	sstitle	142	lossless
abyssal	sstitle	142	lossless
alpham2	sstitle	142	lossless
androdun	sstitle	142	lossless
aodk	sstitle	142	lossless
aof	sstitle	142	lossless
aof2	sstitle	142	lossless
aof3	sstitle	142	lossless
b2b	sstitle	142	lossless
bakatono	sstitle	142	lossless
bangbead	sstitle	142	lossless
bjourney	sstitle	142	lossless
blazstar	sstitle	142	lossless
breakers	sstitle	142	lossless
breakrev	sstitle	142	lossless
bstars	sstitle	142	lossless
bstars2	sstitle	142	lossless
burningf	sstitle	142	lossless
cabalng	sstitle	142	lossless
columnsn	sstitle	142	lossless
crswd2bl	sstitle	142	lossless
crsword	sstitle	142	lossless
ctomaday	sstitle	142	lossless
cyberlip	sstitle	142	lossless
cyborgforce	sstitle	142	lossless
diggerma	sstitle	142	lossless
doubledr	sstitle	142	lossless
dragonsh	sstitle	142	lossless
eightman	sstitle	142	lossless
fatfursp	sstitle	142	lossless
fatfury1	sstitle	142	lossless
fatfury2	sstitle	142	lossless
fatfury3	sstitle	142	lossless
fbfrenzy	sstitle	142	lossless
fightfev	sstitle	142	lossless
flipshot	sstitle	142	lossless
frogfest	sstitle	142	lossless
froman2b	sstitle	142	lossless
fswords	sstitle	142	lossless
galaxyfg	sstitle	142	lossless
ganryu	sstitle	142	lossless
garou	sstitle	142	lossless
ghostlop	sstitle	142	lossless
gladmort	sstitle	142	lossless
goalx3	sstitle	142	lossless
gowcaizr	sstitle	142	lossless
gpilots	sstitle	142	lossless
gururin	sstitle	142	lossless
hyprnoid	sstitle	142	lossless
ironclad	sstitle	142	lossless
irrmaze	sstitle	142	lossless
janshin	sstitle	142	lossless
jockeygp	sstitle	142	lossless
joyjoy	sstitle	142	lossless
kabukikl	sstitle	142	lossless
karnovr	sstitle	142	lossless
kizuna	sstitle	142	lossless
knightsch	sstitle	142	lossless
kof2000	sstitle	142	lossless
kof2001	sstitle	142	lossless
kof2002	sstitle	142	lossless
kof2003	sstitle	142	lossless
kof94	sstitle	142	lossless
kof95	sstitle	142	lossless
kof96	sstitle	142	lossless
kof97	sstitle	142	lossless
kof98	sstitle	142	lossless
kof99	sstitle	142	lossless
kotm	sstitle	142	lossless
kotm2	sstitle	142	lossless
lastblad	sstitle	142	lossless
lastbld2	sstitle	142	lossless
lasthope	sstitle	142	lossless
lbowling	sstitle	142	lossless
legendos	sstitle	142	lossless
looptris	sstitle	142	lossless
lresort	sstitle	142	lossless
magdrop2	sstitle	142	lossless
magdrop3	sstitle	142	lossless
maglord	sstitle	142	lossless
mahretsu	sstitle	142	lossless
marukodq	sstitle	142	lossless
matrim	sstitle	142	lossless
miexchng	sstitle	142	lossless
minasan	sstitle	142	lossless
mslug	sstitle	142	lossless
mslug2	sstitle	142	lossless
mslug3	sstitle	142	lossless
mslug3b6	sstitle	142	lossless
mslug4	sstitle	142	lossless
mslug5	sstitle	142	lossless
mslugx	sstitle	142	lossless
mutnat	sstitle	142	lossless
nam1975	sstitle	142	lossless
ncombat	sstitle	142	lossless
ncommand	sstitle	142	lossless
neobombe	sstitle	142	lossless
neocup98	sstitle	142	lossless
neodrift	sstitle	142	lossless
neomrdo	sstitle	142	lossless
neothund	sstitle	142	lossless
neotris	sstitle	75	lossless
nitd	sstitle	142	lossless
overtop	sstitle	142	lossless
panicbom	sstitle	142	lossless
pbobbl2n	sstitle	142	lossless
pbobblen	sstitle	142	lossless
pgoal	sstitle	142	lossless
pnyaa	sstitle	142	lossless
popbounc	sstitle	142	lossless
preisle2	sstitle	142	lossless
pspikes2	sstitle	142	lossless
pulstar	sstitle	142	lossless
puzzldpr	sstitle	142	lossless
puzzledp	sstitle	142	lossless
quizdai2	sstitle	142	lossless
quizdais	sstitle	142	lossless
quizkof	sstitle	142	lossless
ragnagrd	sstitle	142	lossless
rbff1	sstitle	142	lossless
rbff2	sstitle	142	lossless
rbffspec	sstitle	142	lossless
ridhero	sstitle	142	lossless
roboarmy	sstitle	142	lossless
rotd	sstitle	142	lossless
s1945p	sstitle	142	lossless
samsh5sp	sstitle	142	lossless
samsho	sstitle	142	lossless
samsho2	sstitle	142	lossless
samsho4	sstitle	142	lossless
samsho5	sstitle	142	lossless
savagere	sstitle	142	lossless
sbp	sstitle	154	lossless
sdodgeb	sstitle	142	lossless
sengoku	sstitle	142	lossless
sengoku2	sstitle	142	lossless
sengoku3	sstitle	142	lossless
shocktr2	sstitle	142	lossless
shocktro	sstitle	142	lossless
socbrawl	sstitle	142	lossless
sonicwi2	sstitle	142	lossless
sonicwi3	sstitle	142	lossless
spinmast	sstitle	142	lossless
ssideki	sstitle	142	lossless
ssideki2	sstitle	142	lossless
ssideki3	sstitle	142	lossless
ssideki4	sstitle	142	lossless
stakwin	sstitle	142	lossless
stakwin2	sstitle	142	lossless
strhoop	sstitle	142	lossless
superspy	sstitle	142	lossless
tophuntr	sstitle	142	lossless
totc	sstitle	142	lossless
tpgolf	sstitle	142	lossless
trally	sstitle	142	lossless
turfmast	sstitle	142	lossless
twinspri	sstitle	142	lossless
tws96	sstitle	142	lossless
viewpoin	sstitle	142	lossless
vliner	sstitle	142	lossless
wakuwak7	sstitle	142	lossless
wh1	sstitle	142	lossless
wh2	sstitle	142	lossless
wh2j	sstitle	142	lossless
whp	sstitle	142	lossless
wjammers	sstitle	142	lossless
xenocrisis	sstitle	142	lossless
zedblade	sstitle	142	lossless
zintrckb	sstitle	142	lossless
zupapa	sstitle	142	lossless
