#key	style	ss_system_id
2020 Super Baseball (Japan) (En,Ja)	mixrbv2	70
ADK World (Japan)	mixrbv2	70
ASO II - The Last Guardian ~ Alpha Mission II (Japan) (En,Ja)	mixrbv2	70
Art of Fighting - Ryuuko no Ken Gaiden ~ The Path of the Warrior - Art of Fighting 3 (World) (En,Ja,Es,Pt)	mixrbv2	70
Bakumatsu Roman - Gekka no Kenshi ~ The Last Blade (Japan) (En,Ja,Es,Pt)	mixrbv2	70
Bakumatsu Roman Daini Maku - Gekka no Kenshi - Tsuki ni Saku Hana, Chiri Yuku Hana ~ The Last Blade 2 (Japan) (En,Ja,Es,Pt)	mixrbv2	70
Baseball Stars 2 (Japan) (En,Ja)	mixrbv2	70
Baseball Stars Professional (Japan) (En,Ja)	mixrbv2	70
Big Tournament Golf ~ Neo Turf Masters (Japan) (En,Ja)	mixrbv2	70
Breakers (Japan) (En,Ja)	mixrbv2	70
Burning Fight (Japan) (En,Ja)	mixrbv2	70
Choujin Gakuen - Gowcaizer ~ Voltage Fighter - Gowcaizer (World) (En,Ja)	mixrbv2	70
Choutetsu Brikin'ger ~ Ironclad - Tesshou Rusha (Japan) (En,Ja)	mixrbv2	70
Crossed Swords (Japan)	mixrbv2	70
Crossed Swords II (Japan) (En,Ja)	mixrbv2	70
Cyber-Lip (Japan) (En,Ja)	mixrbv2	70
Double Dragon (Export) (En,Ja)	mixrbv2	70
Dunk Dream ~ Street Slam ~ Street Hoop (World)	mixrbv2	70
Far East of Eden - Tengai Makyou Shinden ~ Far East of Eden - Kabuki Klash (Japan) (En,Ja)	mixrbv2	70
Fighter's History Dynamite ~ Karnov's Revenge (World) (En,Ja)	mixrbv2	70
Fire Suplex ~ 3 Count Bout (World) (En,Ja)	mixrbv2	70
Flying Power Disc ~ Windjammers (Japan) (En,Ja)	mixrbv2	70
Football Frenzy (Japan) (En,Ja)	mixrbv2	70
Futsal - 5 on 5 Mini Soccer ~ PleasureGoal - 5 on 5 Mini Soccer (Japan) (En,Ja)	mixrbv2	70
Fuuun Mokushiroku - Kakutou Sousei ~ Savage Reign (World) (En,Ja,Es,Pt)	mixrbv2	70
Galaxy Fight - Universal Warriors (Japan) (En,Ja,Es)	mixrbv2	70
Garou Densetsu - Shukumei no Tatakai ~ Fatal Fury - King of Fighters (Japan) (En,Ja)	mixrbv2	70
Garou Densetsu 2 ~ Fatal Fury 2 (Japan) (En,Ja)	mixrbv2	70
Garou Densetsu 3 - Road to the Final Victory ~ Fatal Fury 3 - Road to the Final Victory (Japan) (En,Ja,Es,Pt)	mixrbv2	70
Garou Densetsu Special ~ Fatal Fury Special (Japan) (En,Ja)	mixrbv2	70
Ghost Pilots (World)	mixrbv2	70
Idol Mahjong - Final Romance 2 (Japan)	mixrbv2	70
Janshin Densetsu - Quest of Jongmaster (Japan)	mixrbv2	70
Joy Joy Kid ~ Puzzled (World) (En,Ja)	mixrbv2	70
King of Fighters '94, The (World) (En,Ja)	mixrbv2	70
King of Fighters '95, The (World) (En,Ja)	mixrbv2	70
King of Fighters '96 NeoGeo Collection, The (Japan)	mixrbv2	70
King of Fighters '96, The (World) (En,Ja)	mixrbv2	70
King of Fighters '97, The (Japan) (En,Ja)	mixrbv2	70
King of Fighters '98, The - Dream Match Never Ends ~ The King of Fighters '98 - The Slugfest (Japan) (En,Ja)	mixrbv2	70
King of Fighters '99, The ~ The King of Fighters '99 - Millennium Battle (World) (En,Ja,Es,Pt)	mixrbv2	70
Last Resort (Japan) (En,Ja)	mixrbv2	70
League Bowling (Japan) (En,Ja)	mixrbv2	70
Magical Drop 2 (Japan) (En,Ja)	mixrbv2	70
Magician Lord (Japan) (En,Ja)	mixrbv2	70
Mahjong-kyou Retsuden - Nishi Nihon-hen (Japan)	mixrbv2	70
Metal Slug (Japan) (En,Ja)	mixrbv2	70
Metal Slug 2 (World) (En,Ja)	mixrbv2	70
Mutation Nation (Japan) (En,Ja)	mixrbv2	70
Nam-1975 (Japan) (En,Ja)	mixrbv2	70
Neo Drift Out - New Technology (Japan)	mixrbv2	70
Neo-Geo CD Special (Japan)	mixrbv2	70
Next Thing, The - King of the Monsters 2 (World) (En,Ja)	mixrbv2	70
Ninja Combat (Japan) (En,Ja)	mixrbv2	70
Ninja Commando (Japan) (En,Ja)	mixrbv2	70
Ninja Master's - Haou Ninpou Chou (Japan) (En,Ja)	mixrbv2	70
Oshidashi Zintrick ~ ZinTricK (Japan) (En,Ja)	mixrbv2	70
OverTop (Japan) (En,Ja)	mixrbv2	70
Power Spikes II (Japan) (En,Ja)	mixrbv2	70
Pulstar (Japan) (En,Ja)	mixrbv2	70
Puzzle Bobble ~ Bust-A-Move (Japan) (En,Ja)	mixrbv2	70
Quiz King of Fighters (Japan)	mixrbv2	70
Raguy ~ Blue's Journey (Japan) (En,Ja)	mixrbv2	70
Rally Chase (Japan) (En,Ja)	mixrbv2	70
Real Bout Garou Densetsu 2 - The Newcomers ~ Real Bout Fatal Fury 2 - The Newcomers (Japan) (En,Ja)	mixrbv2	70
Real Bout Garou Densetsu Special ~ Real Bout Fatal Fury Special (World) (En,Ja,Es,Pt)	mixrbv2	70
Real Bout Garou Densetsu ~ Real Bout Fatal Fury (World) (En,Ja,Es,Pt)	mixrbv2	70
Riding Hero (Japan) (En,Ja)	mixrbv2	70
Robo Army (Japan) (En,Ja)	mixrbv2	70
Ryuuko no Ken 2 ~ Art of Fighting 2 (World) (En,Ja,Es)	mixrbv2	70
Ryuuko no Ken ~ Art of Fighting (World) (En,Ja,Es)	mixrbv2	70
Samurai Spirits - Amakusa Kourin ~ Samurai Shodown IV - Amakusa's Revenge (World) (En,Ja,Es,Pt)	mixrbv2	70
Samurai Spirits - Zankurou Musouken ~ Samurai Shodown III (World) (En,Ja,Es,Pt)	mixrbv2	70
Samurai Spirits ~ Samurai Shodown (Japan) (En,Ja)	mixrbv2	70
Sengoku Denshou 2 ~ Sengoku 2 (Japan) (En,Ja)	mixrbv2	70
Sengoku Denshou ~ Sengoku (Japan) (En,Ja)	mixrbv2	70
Shin Samurai Spirits - Haoumaru Jigokuhen ~ Samurai Shodown II (World) (En,Ja)	mixrbv2	70
Shinouken ~ Ragnagard (Japan) (En,Ja,Es)	mixrbv2	70
Shinsetsu Samurai Spirits - Bushidou Retsuden (Japan)	mixrbv2	70
Shougi no Tatsujin - Master of Syougi (Japan)	mixrbv2	70
Soccer Brawl (World)	mixrbv2	70
Sonic Wings 2 ~ Aero Fighters 2 (World) (En,Ja)	mixrbv2	70
Sonic Wings 3 ~ Aero Fighters 3 (Japan) (En,Ja)	mixrbv2	70
Stakes Winner - GI Kanzen Seiha e no Michi (Japan)	mixrbv2	70
Super Sidekicks - Tokuten-ou (Japan) (En,Ja)	mixrbv2	70
Super Spy, The (Japan) (En,Ja)	mixrbv2	70
Tokuten-ou 2 ~ Super Sidekicks 2 - The World Championship (Japan) (En,Ja,Es)	mixrbv2	70
Tokuten-ou 3 - Eikou e no Chousen ~ Super Sidekicks 3 - The Next Glory (World) (En,Ja,Fr,Es,It,Pt)	mixrbv2	70
Top Hunter - Roddy & Cathy (World) (En,Ja)	mixrbv2	70
Top Player's Golf (Japan) (En,Ja)	mixrbv2	70
Tsuukai Gangan Koushinkyoku ~ Aggressors of Dark Kombat (World) (En,Ja)	mixrbv2	70
Twinkle Star Sprites (Japan) (En,Ja)	mixrbv2	70
Viewpoint (Japan)	mixrbv2	70
World Heroes (Japan) (En,Ja)	mixrbv2	70
World Heroes 2 (Japan) (En,Ja)	mixrbv2	70
World Heroes 2 Jet (Japan) (En,Ja)	mixrbv2	70
World Heroes Perfect (World) (En,Ja)	mixrbv2	70
